insert into platform_user (id, email, name, password, created_at, actual_role)
values ('e668b740-5499-4caf-a5a2-0431ef0a5444', 'gabriela@gmail.com', 'Joelma Marli Gomes Gonçalves de Munhoz',
        '$2a$10$j4fJVllmbSalkl1.M0bDE.Fm2sqjRj8r50pykWQVd35TIqFwlPX0u', now(), 'GRADUATE'),
       ('374570af-f7e5-4585-9815-942c20746f06', 'davi@gmail.com', 'Magali Rebeca de Marin',
        '$2a$10$j4fJVllmbSalkl1.M0bDE.Fm2sqjRj8r50pykWQVd35TIqFwlPX0u',
        now(), 'GRADUATE'),
       ('cf4dedca-1f1b-43dd-af71-3b0f25cb9b9c', 'victor@gmail.com', 'Mel Aguiar Delgado',
        '$2a$10$j4fJVllmbSalkl1.M0bDE.Fm2sqjRj8r50pykWQVd35TIqFwlPX0u',
        now(), 'GRADUATE'),
       ('bee99937-97bb-4d0d-8219-5ac586c6c712', 'arthur@gmail.com', 'Filipe Kim Franco Garcia Guerra',
        '$2a$10$j4fJVllmbSalkl1.M0bDE.Fm2sqjRj8r50pykWQVd35TIqFwlPX0u',
        now(), 'GRADUATE'),
       ('e69e3415-b1fa-4430-bdca-886fe5bc9af4', 'luiza@gmail.com', 'Jack Jackson Leal Guerra',
        '$2a$10$j4fJVllmbSalkl1.M0bDE.Fm2sqjRj8r50pykWQVd35TIqFwlPX0u',
        now(), 'GRADUATE'),
       ('59d8c94f-e5b5-4259-b0d3-2d26758e7eaa', 'vanessa@gmail.com', 'Fabiana Delvalle Fernandes',
        '$2a$10$j4fJVllmbSalkl1.M0bDE.Fm2sqjRj8r50pykWQVd35TIqFwlPX0u', now(), 'GRADUATE'),
       ('b9306ad8-9713-4b9c-ad87-39570e4e8b85', 'gabriel@gmail.com', 'Natal João Beltrão Neto',
        '$2a$10$j4fJVllmbSalkl1.M0bDE.Fm2sqjRj8r50pykWQVd35TIqFwlPX0u', now(), 'PROFESSOR'),
       ('9b6faf8f-c187-4198-82f4-93236fc26446', 'anselmo@gmail.com', 'Camilo Abreu',
        '$2a$10$j4fJVllmbSalkl1.M0bDE.Fm2sqjRj8r50pykWQVd35TIqFwlPX0u', now(), 'GRADUATE'),
       ('2d5da6fc-9fb4-45a1-9e52-5e20a04a3c43', 'leonardo@gmail.com', 'Sabrina Lívia Leal',
        '$2a$10$j4fJVllmbSalkl1.M0bDE.Fm2sqjRj8r50pykWQVd35TIqFwlPX0u', now(), 'GRADUATE'),
       ('d79b4d52-00ba-4fc9-985d-f00642c131a9', 'plastino@gmail.com', 'Salomé Rafaela de Carrara',
        '$2a$10$j4fJVllmbSalkl1.M0bDE.Fm2sqjRj8r50pykWQVd35TIqFwlPX0u', now(), 'GRADUATE' ),
       ('39d1393f-6b0c-479f-8e54-be5785c7db36', 'troy@gmail.com', 'Gabrielle Burgos de Alvarenga',
        '$2a$10$j4fJVllmbSalkl1.M0bDE.Fm2sqjRj8r50pykWQVd35TIqFwlPX0u',
        now(), 'GRADUATE'),
       ('d852e774-8199-4824-8cdb-bf092a00e96c', 'aline@gmail.com', 'Cléber Martines de Figueiredo',
        '$2a$10$j4fJVllmbSalkl1.M0bDE.Fm2sqjRj8r50pykWQVd35TIqFwlPX0u',
        now(), 'PROFESSOR')
;


insert into platform_user (id, email, name, password, created_at, actual_role)
values ('3ea29a7d-15de-40b0-b79c-fc440d5f85e4', 'gab@gmail.com', 'Ricardo Marin de Munhoz',
        '$2a$10$j4fJVllmbSalkl1.M0bDE.Fm2sqjRj8r50pykWQVd35TIqFwlPX0u',
        now(), 'PROFESSOR'),
       ('5f1545bc-7435-4468-a365-e8a625a02fab', 'davidson@gmail.com', 'Henrique Grego Jr.',
        '$2a$10$j4fJVllmbSalkl1.M0bDE.Fm2sqjRj8r50pykWQVd35TIqFwlPX0u', now(), 'GRADUATE'),
       ('fdcb1d4d-636e-429c-b7ba-ecc7af3ef05e', 'viktor@gmail.com', 'Moacyr Casanova',
        '$2a$10$j4fJVllmbSalkl1.M0bDE.Fm2sqjRj8r50pykWQVd35TIqFwlPX0u',
        now(), 'GRADUATE'),
       ('041f4fab-89c4-4198-87c9-7fd1504eeb6d', 'artu@gmail.com', 'Luciano Hilton de Barros',
        '$2a$10$j4fJVllmbSalkl1.M0bDE.Fm2sqjRj8r50pykWQVd35TIqFwlPX0u',
        now(), 'GRADUATE'),
       ('e405ae18-b349-4d2b-8156-154091b20ec4', 'louise@gmail.com', 'Daniel Batista do Espírito Santo',
        '$2a$10$j4fJVllmbSalkl1.M0bDE.Fm2sqjRj8r50pykWQVd35TIqFwlPX0u',
        now(), 'PROFESSOR'),
       ('1ba0bd22-062a-4397-abdd-226ca952d67e', 'valeria@gmail.com', 'Demian Campos',
        '$2a$10$j4fJVllmbSalkl1.M0bDE.Fm2sqjRj8r50pykWQVd35TIqFwlPX0u', now(), 'PROFESSOR'),
       ('add37e0a-2748-4fcb-bb24-149c2eac825e', 'alice@gmail.com', 'Marcielle Rebeca Chaves',
        '$2a$10$j4fJVllmbSalkl1.M0bDE.Fm2sqjRj8r50pykWQVd35TIqFwlPX0u',
        now(), 'PROFESSOR')
;

insert into platform_user_role(platform_user_id, role)
VALUES ('e668b740-5499-4caf-a5a2-0431ef0a5444', 'GRADUATE'),
       ('374570af-f7e5-4585-9815-942c20746f06', 'GRADUATE'),
       ('cf4dedca-1f1b-43dd-af71-3b0f25cb9b9c', 'GRADUATE'),
       ('bee99937-97bb-4d0d-8219-5ac586c6c712', 'GRADUATE'),
       ('e69e3415-b1fa-4430-bdca-886fe5bc9af4', 'GRADUATE'),
       ('59d8c94f-e5b5-4259-b0d3-2d26758e7eaa', 'GRADUATE'),
       ('b9306ad8-9713-4b9c-ad87-39570e4e8b85', 'PROFESSOR'),

       ('9b6faf8f-c187-4198-82f4-93236fc26446', 'GRADUATE'),
       ('2d5da6fc-9fb4-45a1-9e52-5e20a04a3c43', 'GRADUATE'),
       ('add37e0a-2748-4fcb-bb24-149c2eac825e', 'ADMIN'),
       ('39d1393f-6b0c-479f-8e54-be5785c7db36', 'GRADUATE'),
       ('d852e774-8199-4824-8cdb-bf092a00e96c', 'PROFESSOR'),

       ('3ea29a7d-15de-40b0-b79c-fc440d5f85e4', 'PROFESSOR'),

       ('5f1545bc-7435-4468-a365-e8a625a02fab', 'GRADUATE'),
       ('fdcb1d4d-636e-429c-b7ba-ecc7af3ef05e', 'GRADUATE'),
       ('041f4fab-89c4-4198-87c9-7fd1504eeb6d', 'GRADUATE'),
       ('e405ae18-b349-4d2b-8156-154091b20ec4', 'PROFESSOR'),

       ('1ba0bd22-062a-4397-abdd-226ca952d67e', 'PROFESSOR'),

       ('d79b4d52-00ba-4fc9-985d-f00642c131a9', 'GRADUATE'),

       ('add37e0a-2748-4fcb-bb24-149c2eac825e', 'GRADUATE'),
       ('add37e0a-2748-4fcb-bb24-149c2eac825e', 'PROFESSOR')
;



insert into advisor (id, created_at, user_id)
values ('3235fe8b-24de-4ad6-9aad-5f0af4dfbdcb', now(), 'b9306ad8-9713-4b9c-ad87-39570e4e8b85'),
       ('7d4020dd-aab5-4722-b919-17bb44298c70', now(), 'd852e774-8199-4824-8cdb-bf092a00e96c'),
       ('c31f794e-a715-414d-8b8e-71307e026a6b', now(), '3ea29a7d-15de-40b0-b79c-fc440d5f85e4'),
       ('e588ac1f-cc7c-47f8-8698-22f73d0e056a', now(), 'e405ae18-b349-4d2b-8156-154091b20ec4'),
       ('7bb4e8d9-6678-4b28-bcd4-b4973da16de4', now(), '1ba0bd22-062a-4397-abdd-226ca952d67e'),
       ('6dfc1412-f9ca-46d3-9c0e-adc3d3a46d61', now(), 'add37e0a-2748-4fcb-bb24-149c2eac825e')
;

insert into graduate (id, created_at, user_id)
values ('9342a6d5-9c24-437e-a44a-cfbb85f74134', now(), 'e668b740-5499-4caf-a5a2-0431ef0a5444'),
       ('97e93d90-fc9e-4df4-9f0b-05854b58f1f2', now(), '374570af-f7e5-4585-9815-942c20746f06'),
       ('55c51a44-c9af-40be-bacb-5791a5dae769', now(), 'cf4dedca-1f1b-43dd-af71-3b0f25cb9b9c'),
       ('7ca270fc-03b6-4796-9c10-43134b018009', now(), 'bee99937-97bb-4d0d-8219-5ac586c6c712'),
       ('bf23c759-306d-4c40-9238-f3b8769c2f99', now(), 'e69e3415-b1fa-4430-bdca-886fe5bc9af4'),
       ('157c4d9f-ac1b-47fd-9195-574d25e5d310', now(), '59d8c94f-e5b5-4259-b0d3-2d26758e7eaa'),
       ('1c2ed564-2939-4227-b657-8324ba591854', now(), '9b6faf8f-c187-4198-82f4-93236fc26446'),
       ('410275e7-121c-4739-81ad-6164b55fd5c9', now(), '2d5da6fc-9fb4-45a1-9e52-5e20a04a3c43'),
       ('03a2255f-9236-427f-8ecd-5a89e4140bbe', now(), '39d1393f-6b0c-479f-8e54-be5785c7db36'),
       ('4a8524ac-6a10-440f-9979-b5922195f22d', now(), '5f1545bc-7435-4468-a365-e8a625a02fab'),
       ('29c63e7b-f80f-47d5-86d7-41ad5e1627aa', now(), 'fdcb1d4d-636e-429c-b7ba-ecc7af3ef05e'),
       ('650bb04e-7c8d-47b0-ae30-203a9a6b1c6a', now(), '041f4fab-89c4-4198-87c9-7fd1504eeb6d'),
       ('4150a939-f66a-4777-a7aa-ef31c239619a', now(), 'd79b4d52-00ba-4fc9-985d-f00642c131a9'),
       ('0a9c91e3-3094-4d29-a7fd-d203c09fd070', now(), 'add37e0a-2748-4fcb-bb24-149c2eac825e')
;

insert into cnpqlevel (id, name, created_at, active)
values ('b2d46fe6-a9df-493a-8f03-f6abcdd3ecc8', 'PQ2', now(), true),
       ('2813b8c1-9ff8-42f5-8fed-322975666cce', 'PQ1D', now(), true),
       ('629ce641-4d5f-47a4-95c9-482e5080204c', 'PQ1C', now(), true),
       ('d067e739-43f8-41ee-b9aa-7be1549e97af', 'PQ1B', now(), true),
       ('ccc1cef7-62be-4ed8-ae56-4cb46c10db14', 'PQ1A', now(), true);

insert into ci_program (id, initials, created_at, active)
values ('abe12190-7e1a-420b-82ca-1485804361b6', 'PGC', now(), true),
       ('05ca544c-f3f5-44c3-8a64-41cb8e3b2125', 'CAA', now(), true)
;

insert into institution_type (id, name, created_at)
values ('75286fb2-d03a-4851-bcb6-10467046e1c1', 'Universidade pública federal', now()),
       ('9b02bcf7-1f60-4878-8af2-975a2e4454b2', 'Instituição pública federal', now()),
       ('58d230df-a0df-4801-be59-ba9c32f614a7', 'Instituição pública estadual', now()),
       ('5a9ba5f3-0842-4e87-a620-23350a95d7a1', 'Instituição privada', now()),
       ('091fbc53-fbe7-4f83-ad95-8e279303914d', 'Organização pública', now()),
       ('521ea3d9-6361-4444-896a-18ae9c617416', 'Empresa ou instituição brasileira', now()),
       ('a0a36df1-5475-40ef-9e1c-7ea13711f517', 'Empresa ou instituição estrangeira', now()),
       ('71b564c5-8cea-44ee-bb22-6d82e8711445', 'Outros', now())
;


insert into institution (id, created_at, name, type_id)
values ('a7725cf5-bc50-49a8-a7a6-bcd34bd6fb23', now(), 'OLX', '521ea3d9-6361-4444-896a-18ae9c617416'),
       ('c53ad935-8dc3-4f58-b4c9-6ed0c95e74bf', now(), 'BNDES', '521ea3d9-6361-4444-896a-18ae9c617416'),
       ('67b39fd5-6352-4bff-b2c4-3f200dce6dcf', now(), 'PWC', 'a0a36df1-5475-40ef-9e1c-7ea13711f517'),
       ('6051ef32-41a1-4b4e-9f46-67ba8712e396', now(), 'M4U', '521ea3d9-6361-4444-896a-18ae9c617416'),
       ('a061aa7c-2153-400a-8ff8-d44dcab9caec', now(), 'SNC', '521ea3d9-6361-4444-896a-18ae9c617416'),
       ('0deb8c15-2877-4171-ab25-16b27852dad3', now(), 'Alura', '71b564c5-8cea-44ee-bb22-6d82e8711445')
;

insert into work_history (id, created_at, "position", graduate_id, institution_id, updated_at, started_at)
values ('81fa7541-3b48-4e6b-b776-6d9d62fd513c', now(), 'Dev Jr', '9342a6d5-9c24-437e-a44a-cfbb85f74134',
        'a7725cf5-bc50-49a8-a7a6-bcd34bd6fb23', null, now()),
       ('c36da1a8-639d-4ab6-af09-5c693d097ff4', now(), 'Estagiário', '97e93d90-fc9e-4df4-9f0b-05854b58f1f2',
        'c53ad935-8dc3-4f58-b4c9-6ed0c95e74bf', null, now()),
       ('042a5be8-84ea-499c-a0a6-73baa46b43a7', now(), 'Estagiário', '55c51a44-c9af-40be-bacb-5791a5dae769',
        '67b39fd5-6352-4bff-b2c4-3f200dce6dcf', null, now()),
       ('9e2f5802-fc34-4468-b129-c2821f659bdc', now(), 'Senior Associate', '7ca270fc-03b6-4796-9c10-43134b018009',
        '6051ef32-41a1-4b4e-9f46-67ba8712e396', null, now()),
       ('27fd8198-2ab2-4553-83cf-1133fc5c814c', now(), 'Dev Jr', 'bf23c759-306d-4c40-9238-f3b8769c2f99',
        'a061aa7c-2153-400a-8ff8-d44dcab9caec', null, now()),
       ('153c982d-d39f-4c93-bd67-e69cd2668402', now(), 'Dev Jr', '157c4d9f-ac1b-47fd-9195-574d25e5d310',
        '0deb8c15-2877-4171-ab25-16b27852dad3', null, now())
;

insert into course (id, created_at, minute_defense, program_id, advisor_id, graduate_id)
values ('5a54864d-3e27-446f-ba98-b69dfdd419b0', now(), 1, 'abe12190-7e1a-420b-82ca-1485804361b6', '3235fe8b-24de-4ad6-9aad-5f0af4dfbdcb',
        '9342a6d5-9c24-437e-a44a-cfbb85f74134'),
       ('a91c50e1-3ac8-4b67-b736-44cab7784287', now(), 2, 'abe12190-7e1a-420b-82ca-1485804361b6', '7d4020dd-aab5-4722-b919-17bb44298c70',
        '97e93d90-fc9e-4df4-9f0b-05854b58f1f2'),
       ('b7cbafd1-5d90-4902-8a40-032430591368', now(), 3, 'abe12190-7e1a-420b-82ca-1485804361b6', 'c31f794e-a715-414d-8b8e-71307e026a6b',
        '55c51a44-c9af-40be-bacb-5791a5dae769'),
       ('0ed7f832-4e44-481d-ace6-f18a4d353135', now(), 4, '05ca544c-f3f5-44c3-8a64-41cb8e3b2125', '3235fe8b-24de-4ad6-9aad-5f0af4dfbdcb',
        '7ca270fc-03b6-4796-9c10-43134b018009'),
       ('80482917-c71b-49df-b603-3228c68a3bd0', now(), 5, '05ca544c-f3f5-44c3-8a64-41cb8e3b2125', 'e588ac1f-cc7c-47f8-8698-22f73d0e056a',
        'bf23c759-306d-4c40-9238-f3b8769c2f99'),
       ('e97e03b8-b925-4d77-89b7-35c1c90df393', now(), 6, '05ca544c-f3f5-44c3-8a64-41cb8e3b2125', '7bb4e8d9-6678-4b28-bcd4-b4973da16de4',
        '157c4d9f-ac1b-47fd-9195-574d25e5d310'),
       ('e02c0e61-4c2e-4192-9636-5a6e5a22f4c8', now(), 646546, 'abe12190-7e1a-420b-82ca-1485804361b6', '3235fe8b-24de-4ad6-9aad-5f0af4dfbdcb', '9342a6d5-9c24-437e-a44a-cfbb85f74134'),
       ('99aa64a1-4388-4d27-9098-672dc48029c9', now(), 64646447, 'abe12190-7e1a-420b-82ca-1485804361b6', '7d4020dd-aab5-4722-b919-17bb44298c70', '03a2255f-9236-427f-8ecd-5a89e4140bbe'),
       ('c36b1a85-3528-4058-885a-dad8aad2b755', now(), 681456, 'abe12190-7e1a-420b-82ca-1485804361b6', 'c31f794e-a715-414d-8b8e-71307e026a6b', '4150a939-f66a-4777-a7aa-ef31c239619a'),
       ('a6ab6d5c-c159-44aa-b4dc-969ddd16e2e2', now(), 64715156, 'abe12190-7e1a-420b-82ca-1485804361b6', 'e588ac1f-cc7c-47f8-8698-22f73d0e056a', '55c51a44-c9af-40be-bacb-5791a5dae769'),
       ('3f409629-fcdc-4a55-ab5c-2841d921e207', now(), 4455116,'05ca544c-f3f5-44c3-8a64-41cb8e3b2125',  '7bb4e8d9-6678-4b28-bcd4-b4973da16de4', '97e93d90-fc9e-4df4-9f0b-05854b58f1f2'),
       ('de97147f-26ba-4fa1-82be-a36b7d7d009d', now(), 6485151, '05ca544c-f3f5-44c3-8a64-41cb8e3b2125',  '6dfc1412-f9ca-46d3-9c0e-adc3d3a46d61', '0a9c91e3-3094-4d29-a7fd-d203c09fd070'),
       ('60a2faf3-7534-4d99-8b79-86c3bb264aa7', now(), 487416466, '05ca544c-f3f5-44c3-8a64-41cb8e3b2125', '3235fe8b-24de-4ad6-9aad-5f0af4dfbdcb', '650bb04e-7c8d-47b0-ae30-203a9a6b1c6a' ),
       ('f101bf3b-abdf-461d-b749-05b02836cb05', now(), 515646, '05ca544c-f3f5-44c3-8a64-41cb8e3b2125', '7d4020dd-aab5-4722-b919-17bb44298c70', '29c63e7b-f80f-47d5-86d7-41ad5e1627aa')

;

insert into course (id, created_at, minute_defense, program_id, advisor_id, graduate_id)
values
    (gen_random_uuid(), now(), 857, 'abe12190-7e1a-420b-82ca-1485804361b6', '693e47f8-936a-49a9-b283-822008c105ad','9342a6d5-9c24-437e-a44a-cfbb85f74134'),
    (gen_random_uuid(), now(), 753, '05ca544c-f3f5-44c3-8a64-41cb8e3b2125', '693e47f8-936a-49a9-b283-822008c105ad','0a9c91e3-3094-4d29-a7fd-d203c09fd070'),
    (gen_random_uuid(), now(), 951, '05ca544c-f3f5-44c3-8a64-41cb8e3b2125', '693e47f8-936a-49a9-b283-822008c105ad','650bb04e-7c8d-47b0-ae30-203a9a6b1c6a');


insert into email (id, title, name, content, button_text, button_url, is_graduate_email, active, created_at)
values ('b8d031a9-ac66-4945-a958-45bce51448b8', 'Primeiro Email', 'Primeiro nome', 'Esse é o conteúdo do primeiro email', 'Clique Aqui',
        'www.google.com',
        true, true, now()),
       ('f72b3795-eacc-4a74-8e0b-330da3ef586e', 'Segundo Email', 'Segundo nome', 'Esse é o conteúdo do segundo email', 'Clique Aqui',
        'www.google.com',
        false, true, now())
;